<?xml version="1.0" encoding="UTF-8"?>
<project-private xmlns="http://www.netbeans.org/ns/project-private/1">
    <editor-bookmarks xmlns="http://www.netbeans.org/ns/editor-bookmarks/2" lastBookmarkId="0"/>
    <open-files xmlns="http://www.netbeans.org/ns/projectui-open-files/2">
        <group>
            <file>file:/C:/Users/Atun/Documents/NetBeansProjects/Nomitech/Nomitech/src/nomi/Usuarios.java</file>
            <file>file:/C:/Users/Atun/Documents/NetBeansProjects/Nomitech/Nomitech/src/conexion/conexionMysql.java</file>
            <file>file:/C:/Users/Atun/Documents/NetBeansProjects/Nomitech/Nomitech/src/nomi/Registro.java</file>
            <file>file:/C:/Users/Atun/Documents/NetBeansProjects/Nomitech/Nomitech/src/nomi/Inicio.java</file>
        </group>
    </open-files>
</project-private>
